"Date","Price","Open","High","Low","Vol.","Change %"
"Apr 17, 2020","19,785.0","19,653.0","19,865.0","19,595.0","-","0.66%"
"Apr 16, 2020","19,655.0","19,240.0","19,785.0","18,988.0","-","0.38%"
"Apr 15, 2020","19,580.0","19,540.0","19,640.0","19,420.0","53.80K","-0.15%"
"Apr 14, 2020","19,610.0","19,050.0","19,700.0","18,940.0","59.81K","2.83%"
"Apr 13, 2020","19,070.0","19,310.0","19,350.0","18,980.0","34.40K","-1.24%"
"Apr 10, 2020","19,310.0","19,510.0","19,620.0","19,210.0","68.56K","-0.92%"
"Apr 09, 2020","19,490.0","19,000.0","19,490.0","18,790.0","73.12K","3.01%"
"Apr 08, 2020","18,920.0","19,260.0","19,860.0","18,710.0","113.01K","-1.20%"
"Apr 07, 2020","19,150.0","18,600.0","19,150.0","18,420.0","85.47K","3.12%"
"Apr 06, 2020","18,570.0","17,700.0","18,700.0","17,570.0","93.19K","5.03%"
"Apr 03, 2020","17,680.0","17,870.0","18,130.0","17,520.0","67.86K","-1.01%"
"Apr 02, 2020","17,860.0","17,830.0","18,110.0","17,570.0","94.42K","0.22%"
"Apr 01, 2020","17,820.0","18,880.0","18,920.0","17,820.0","96.68K","-5.81%"
"Mar 31, 2020","18,920.0","18,610.0","19,310.0","18,440.0","86.30K","0.64%"
"Mar 30, 2020","18,800.0","18,980.0","19,080.0","18,530.0","109.74K","-1.47%"
"Mar 27, 2020","19,080.0","18,320.0","19,210.0","18,220.0","133.07K","3.92%"
"Mar 26, 2020","18,360.0","19,260.0","19,420.0","18,250.0","158.18K","-4.57%"
"Mar 25, 2020","19,240.0","18,400.0","19,450.0","18,290.0","151.65K","5.31%"
"Mar 24, 2020","18,270.0","17,000.0","18,270.0","16,890.0","167.59K","7.79%"
"Mar 23, 2020","16,950.0","16,800.0","17,340.0","16,190.0","170.02K","0.18%"
"Mar 20, 2020","16,920.0","17,130.0","17,837.5","16,875.0","-","-1.25%"
"Mar 19, 2020","17,135.0","16,920.0","17,340.0","16,060.0","167.89K","3.79%"
"Mar 18, 2020","16,510.0","16,870.0","17,320.0","16,220.0","193.74K","-0.96%"
"Mar 17, 2020","16,670.0","16,770.0","17,350.0","15,860.0","217.32K","-1.01%"
"Mar 16, 2020","16,840.0","17,190.0","18,230.0","16,650.0","195.13K","0.30%"
"Mar 13, 2020","16,790.0","18,030.0","18,160.0","16,480.0","306.28K","-8.55%"
"Mar 12, 2020","18,360.0","19,370.0","19,660.0","18,330.0","102.14K","-5.21%"
"Mar 11, 2020","19,370.0","19,650.0","20,190.0","19,020.0","245.68K","-2.22%"
"Mar 10, 2020","19,810.0","19,080.0","19,970.0","18,500.0","274.43K","2.06%"
"Mar 09, 2020","19,410.0","20,670.0","20,740.0","19,410.0","220.89K","-6.28%"
"Mar 06, 2020","20,710.0","21,280.0","21,330.0","20,610.0","135.06K","-3.09%"
"Mar 05, 2020","21,370.0","21,170.0","21,440.0","21,030.0","112.24K","1.14%"
"Mar 04, 2020","21,130.0","21,120.0","21,500.0","20,680.0","188.33K","0.71%"
"Mar 03, 2020","20,980.0","21,250.0","21,730.0","20,680.0","216.75K","-0.90%"
"Mar 02, 2020","21,170.0","21,180.0","21,590.0","20,460.0","315.53K","0.43%"
"Feb 28, 2020","21,080.0","22,040.0","22,110.0","20,900.0","266.54K","-3.52%"
"Feb 27, 2020","21,850.0","22,290.0","22,500.0","21,840.0","208.21K","-2.15%"
"Feb 26, 2020","22,330.0","22,640.0","22,660.0","21,890.0","218.12K","-1.50%"
"Feb 25, 2020","22,670.0","23,260.0","23,340.0","22,260.0","137.45K","1.41%"
"Feb 24, 2020","22,355.0","22,805.0","22,848.0","22,067.5","-","-1.96%"
"Feb 23, 2020","22,802.5","22,968.0","22,983.0","22,745.0","-","-2.09%"
"Feb 21, 2020","23,290.0","23,590.0","23,640.0","23,290.0","92.35K","-0.94%"
"Feb 20, 2020","23,510.0","23,390.0","23,800.0","23,340.0","97.64K","0.60%"
"Feb 19, 2020","23,370.0","23,150.0","23,450.0","23,090.0","85.95K","0.73%"
"Feb 18, 2020","23,200.0","23,520.0","23,540.0","23,110.0","61.92K","-1.44%"
"Feb 17, 2020","23,540.0","23,650.0","23,660.0","23,320.0","71.53K","-0.38%"
"Feb 14, 2020","23,630.0","23,750.0","23,780.0","23,560.0","79.41K","-0.67%"
"Feb 13, 2020","23,790.0","23,870.0","23,970.0","23,770.0","65.82K","-0.34%"
"Feb 12, 2020","23,870.0","23,660.0","23,890.0","23,560.0","57.70K","0.13%"
"Feb 11, 2020","23,838.0","23,718.0","24,013.0","23,672.5","-","0.84%"
"Feb 10, 2020","23,640.0","23,840.0","23,860.0","23,600.0","82.67K","-0.80%"
"Feb 07, 2020","23,830.0","23,890.0","23,960.0","23,730.0","77.01K","-0.50%"
"Feb 06, 2020","23,950.0","23,330.0","23,980.0","23,320.0","122.22K","2.53%"
"Feb 05, 2020","23,360.0","23,080.0","23,400.0","23,040.0","80.86K","1.17%"
"Feb 04, 2020","23,090.0","22,930.0","23,090.0","22,780.0","89.34K","0.87%"
"Feb 03, 2020","22,890.0","23,130.0","23,150.0","22,650.0","129.86K","-1.04%"
"Jan 31, 2020","23,130.0","22,880.0","23,400.0","22,820.0","129.24K","0.70%"
"Jan 30, 2020","22,970.0","23,310.0","23,400.0","22,860.0","93.52K","-1.67%"
"Jan 29, 2020","23,360.0","23,210.0","23,380.0","23,000.0","81.28K","0.86%"
"Jan 28, 2020","23,160.0","23,320.0","23,380.0","23,050.0","103.99K","-0.64%"
"Jan 27, 2020","23,310.0","23,780.0","23,900.0","23,280.0","84.29K","-2.06%"
"Jan 24, 2020","23,800.0","23,790.0","23,840.0","23,600.0","50.32K","0.21%"
"Jan 23, 2020","23,750.0","23,980.0","23,990.0","23,740.0","61.89K","-1.12%"
"Jan 22, 2020","24,020.0","23,850.0","24,020.0","23,760.0","59.40K","0.67%"
"Jan 21, 2020","23,860.0","24,050.0","24,060.0","23,780.0","47.68K","-0.91%"
"Jan 20, 2020","24,080.0","24,030.0","24,090.0","24,000.0","28.72K","0.21%"
"Jan 17, 2020","24,030.0","23,950.0","24,110.0","23,930.0","47.47K","0.38%"
"Jan 16, 2020","23,940.0","23,930.0","23,970.0","23,870.0","37.59K","0.13%"
"Jan 15, 2020","23,910.0","23,980.0","24,020.0","23,830.0","64.23K","-0.38%"
"Jan 14, 2020","24,000.0","23,800.0","24,030.0","23,670.0","57.14K","0.19%"
"Jan 13, 2020","23,955.0","23,712.5","23,957.5","23,697.5","-","1.01%"
"Jan 12, 2020","23,715.0","23,727.5","23,750.0","23,715.0","-","-0.36%"
"Jan 10, 2020","23,800.0","23,710.0","23,880.0","23,690.0","63.98K","0.42%"
"Jan 09, 2020","23,700.0","23,210.0","23,750.0","23,210.0","87.67K","2.38%"
"Jan 08, 2020","23,150.0","23,450.0","23,500.0","22,910.0","162.88K","-1.41%"
"Jan 07, 2020","23,480.0","23,150.0","23,550.0","23,020.0","81.68K","1.65%"
"Jan 06, 2020","23,100.0","23,640.0","23,660.0","23,100.0","75.93K","-0.75%"
"Jan 03, 2020","23,275.0","23,687.5","23,690.0","23,142.5","-","-1.76%"
"Jan 02, 2020","23,692.5","23,532.5","23,767.5","23,477.5","-","0.77%"
"Jan 01, 2020","23,512.5","23,417.5","23,527.5","23,417.5","-","0.30%"
"Dec 31, 2019","23,442.5","23,420.0","23,442.5","23,287.5","-","-0.84%"
"Dec 30, 2019","23,640.0","23,840.0","23,860.0","23,620.0","39.71K","-0.84%"
"Dec 27, 2019","23,840.0","23,850.0","23,930.0","23,820.0","35.64K","0.04%"
"Dec 26, 2019","23,830.0","23,700.0","23,870.0","23,680.0","19.88K","0.51%"
"Dec 25, 2019","23,710.0","23,770.0","23,770.0","23,710.0","9.15K","-0.21%"
"Dec 24, 2019","23,760.0","23,740.0","23,800.0","23,730.0","20.19K","0.04%"
"Dec 23, 2019","23,750.0","23,710.0","23,870.0","23,710.0","36.72K","0.13%"
"Dec 20, 2019","23,720.0","23,830.0","23,850.0","23,680.0","42.00K","-0.46%"
"Dec 19, 2019","23,830.0","23,830.0","23,880.0","23,750.0","36.85K","0.08%"
"Dec 18, 2019","23,810.0","24,010.0","24,030.0","23,810.0","46.03K","-0.83%"
"Dec 17, 2019","24,010.0","23,930.0","24,110.0","23,920.0","47.29K","0.29%"
"Dec 16, 2019","23,940.0","23,970.0","24,040.0","23,730.0","88.48K","-0.08%"
"Dec 13, 2019","23,960.0","23,410.0","24,030.0","23,350.0","119.77K","2.09%"
"Dec 12, 2019","23,470.0","23,380.0","23,480.0","23,320.0","42.61K","0.43%"
"Dec 11, 2019","23,370.0","23,440.0","23,480.0","23,270.0","100.60K","-0.34%"
"Dec 10, 2019","23,450.0","23,450.0","23,470.0","23,330.0","99.17K","0.04%"
"Dec 09, 2019","23,440.0","23,420.0","23,560.0","23,340.0","81.40K","0.09%"
"Dec 06, 2019","23,420.0","23,360.0","23,440.0","23,250.0","69.67K","0.47%"
"Dec 05, 2019","23,310.0","23,050.0","23,380.0","22,960.0","77.72K","0.91%"
"Dec 04, 2019","23,100.0","23,320.0","23,320.0","22,900.0","104.32K","-0.99%"
"Dec 03, 2019","23,330.0","23,530.0","23,590.0","23,060.0","97.24K","-0.98%"
"Dec 02, 2019","23,560.0","23,320.0","23,570.0","23,290.0","49.41K","1.16%"
"Nov 29, 2019","23,290.0","23,430.0","23,490.0","23,280.0","41.84K","-0.51%"
"Nov 28, 2019","23,410.0","23,500.0","23,590.0","23,370.0","40.18K","-0.30%"
"Nov 27, 2019","23,480.0","23,380.0","23,510.0","23,310.0","42.93K","0.43%"
"Nov 26, 2019","23,380.0","23,310.0","23,620.0","23,290.0","68.57K","0.21%"
"Nov 25, 2019","23,330.0","23,110.0","23,340.0","23,080.0","48.17K","0.86%"
"Nov 22, 2019","23,130.0","23,070.0","23,210.0","22,980.0","54.68K","0.35%"
"Nov 21, 2019","23,050.0","23,160.0","23,220.0","22,720.0","106.36K","-0.39%"
"Nov 20, 2019","23,140.0","23,310.0","23,410.0","23,020.0","65.18K","-0.64%"
"Nov 19, 2019","23,290.0","23,450.0","23,490.0","23,240.0","53.46K","-0.47%"
"Nov 18, 2019","23,400.0","23,320.0","23,430.0","23,250.0","41.76K","0.26%"
"Nov 15, 2019","23,340.0","23,120.0","23,400.0","23,000.0","62.40K","0.95%"
"Nov 14, 2019","23,120.0","23,340.0","23,380.0","23,050.0","74.05K","-0.77%"
"Nov 13, 2019","23,300.0","23,540.0","23,580.0","23,260.0","53.33K","-1.06%"
"Nov 12, 2019","23,550.0","23,250.0","23,550.0","23,220.0","51.34K","1.07%"
"Nov 11, 2019","23,300.0","23,400.0","23,490.0","23,300.0","48.84K","-0.34%"
"Nov 08, 2019","23,380.0","23,480.0","23,640.0","23,300.0","91.02K","0.09%"
"Nov 07, 2019","23,360.0","23,310.0","23,370.0","23,250.0","45.72K","0.26%"
"Nov 06, 2019","23,300.0","23,290.0","23,380.0","23,240.0","47.47K","-0.09%"
"Nov 05, 2019","23,320.0","22,840.0","23,330.0","22,770.0","68.10K","0.51%"
"Nov 04, 2019","23,202.5","22,960.0","23,220.0","22,947.5","-","1.05%"
"Nov 03, 2019","22,962.5","22,967.5","22,982.5","22,962.5","-","0.49%"
"Nov 01, 2019","22,850.0","22,940.0","22,950.0","22,650.0","66.66K","-0.44%"
"Oct 31, 2019","22,950.0","22,850.0","22,990.0","22,760.0","53.21K","0.48%"
"Oct 30, 2019","22,840.0","22,960.0","22,970.0","22,810.0","47.84K","-0.57%"
"Oct 29, 2019","22,970.0","22,860.0","22,990.0","22,830.0","43.75K","0.53%"
"Oct 28, 2019","22,850.0","22,790.0","22,890.0","22,720.0","34.83K","0.35%"
"Oct 25, 2019","22,770.0","22,850.0","22,870.0","22,710.0","51.29K","-0.04%"
"Oct 24, 2019","22,780.0","22,650.0","22,800.0","22,610.0","45.99K","0.57%"
"Oct 23, 2019","22,650.0","22,580.0","22,720.0","22,480.0","58.37K","-0.13%"
"Oct 22, 2019","22,680.0","22,677.5","22,802.5","22,617.5","-","0.49%"
"Oct 21, 2019","22,570.0","22,500.0","22,570.0","22,400.0","41.16K","0.49%"
"Oct 18, 2019","22,460.0","22,490.0","22,690.0","22,440.0","68.37K","0.00%"
"Oct 17, 2019","22,460.0","22,450.0","22,580.0","22,410.0","54.91K","-0.13%"
"Oct 16, 2019","22,490.0","22,260.0","22,610.0","22,200.0","98.64K","1.31%"
"Oct 15, 2019","22,200.0","21,810.0","22,240.0","21,800.0","82.26K","0.51%"
"Oct 14, 2019","22,087.5","22,100.0","22,107.5","21,877.5","-","-0.02%"
"Oct 13, 2019","22,092.5","22,055.0","22,107.5","22,042.5","-","1.34%"
"Oct 11, 2019","21,800.0","21,530.0","21,810.0","21,450.0","66.62K","1.30%"
"Oct 10, 2019","21,520.0","21,460.0","21,610.0","21,300.0","89.31K","0.37%"
"Oct 09, 2019","21,440.0","21,590.0","21,600.0","21,320.0","65.43K","-0.83%"
"Oct 08, 2019","21,620.0","21,400.0","21,630.0","21,340.0","55.27K","1.12%"
"Oct 07, 2019","21,380.0","21,310.0","21,540.0","21,270.0","54.55K","0.28%"
"Oct 04, 2019","21,320.0","21,340.0","21,410.0","21,040.0","79.01K","0.24%"
"Oct 03, 2019","21,270.0","21,640.0","21,640.0","21,270.0","96.03K","-2.03%"
"Oct 02, 2019","21,710.0","21,970.0","22,030.0","21,660.0","61.66K","-1.18%"
"Oct 01, 2019","21,970.0","21,730.0","21,970.0","21,680.0","57.37K","0.97%"
"Sep 30, 2019","21,760.0","21,820.0","21,920.0","21,650.0","70.38K","-0.23%"
"Sep 27, 2019","21,810.0","21,880.0","21,990.0","21,720.0","75.37K","-0.23%"
"Sep 26, 2019","21,860.0","21,800.0","22,020.0","21,660.0","72.01K","0.28%"
"Sep 25, 2019","21,800.0","21,930.0","21,980.0","21,650.0","68.45K","-0.64%"
"Sep 24, 2019","21,940.0","21,930.0","22,020.0","21,780.0","50.85K","0.16%"
"Sep 23, 2019","21,905.0","21,897.5","21,957.5","21,687.5","-","0.01%"
"Sep 22, 2019","21,902.5","21,870.0","21,937.5","21,865.0","-","-0.03%"
"Sep 20, 2019","21,910.0","21,890.0","22,040.0","21,860.0","48.99K","0.18%"
"Sep 19, 2019","21,870.0","21,810.0","22,100.0","21,750.0","72.51K","0.32%"
"Sep 18, 2019","21,800.0","21,820.0","21,870.0","21,720.0","44.96K","-0.05%"
"Sep 17, 2019","21,810.0","21,850.0","21,920.0","21,700.0","61.60K","0.22%"
"Sep 16, 2019","21,762.5","21,697.5","21,847.5","21,622.5","-","0.31%"
"Sep 15, 2019","21,695.0","21,697.5","21,742.5","21,627.5","-","-0.48%"
"Sep 13, 2019","21,800.0","21,600.0","21,840.0","21,510.0","83.54K","-0.09%"
"Sep 12, 2019","21,820.0","21,570.0","21,830.0","21,538.0","59.37K","1.21%"
"Sep 11, 2019","21,560.0","21,350.0","21,620.0","21,290.0","103.59K","0.98%"
"Sep 10, 2019","21,350.0","21,340.0","21,440.0","21,280.0","85.58K","0.09%"
"Sep 09, 2019","21,330.0","21,230.0","21,340.0","21,140.0","74.52K","0.61%"
"Sep 06, 2019","21,200.0","21,050.0","21,260.0","21,020.0","70.84K","0.62%"
"Sep 05, 2019","21,070.0","20,740.0","21,170.0","20,730.0","84.01K","1.79%"
"Sep 04, 2019","20,700.0","20,590.0","20,700.0","20,520.0","54.84K","0.19%"
"Sep 03, 2019","20,660.0","20,620.0","20,660.0","20,520.0","34.32K","0.34%"
"Sep 02, 2019","20,590.0","20,720.0","20,790.0","20,580.0","40.44K","-0.48%"
"Aug 30, 2019","20,690.0","20,530.0","20,740.0","20,530.0","57.04K","1.12%"
"Aug 29, 2019","20,460.0","20,440.0","20,530.0","20,310.0","53.14K","-0.10%"
"Aug 28, 2019","20,480.0","20,390.0","20,550.0","20,380.0","45.74K","0.29%"
"Aug 27, 2019","20,420.0","20,420.0","20,600.0","20,410.0","71.50K","0.59%"
"Aug 26, 2019","20,300.0","20,700.0","20,700.0","20,070.0","125.63K","-2.03%"
"Aug 23, 2019","20,720.0","20,620.0","20,720.0","20,530.0","44.79K","0.48%"
"Aug 22, 2019","20,620.0","20,620.0","20,720.0","20,560.0","37.25K","0.24%"
"Aug 21, 2019","20,570.0","20,630.0","20,660.0","20,460.0","41.61K","-0.44%"
"Aug 20, 2019","20,660.0","20,600.0","20,680.0","20,560.0","32.66K","0.39%"
"Aug 19, 2019","20,580.0","20,420.0","20,620.0","20,410.0","51.34K","0.93%"
"Aug 16, 2019","20,390.0","20,400.0","20,490.0","20,140.0","88.77K","0.05%"
"Aug 15, 2019","20,380.0","20,540.0","20,610.0","20,090.0","98.04K","-0.97%"
"Aug 14, 2019","20,580.0","20,310.0","20,750.0","20,210.0","93.47K","1.13%"
"Aug 13, 2019","20,350.0","20,630.0","20,680.0","20,310.0","76.45K","-0.11%"
"Aug 12, 2019","20,373.0","20,403.0","20,578.0","20,207.5","-","-0.12%"
"Aug 11, 2019","20,398.0","20,505.0","20,535.0","20,387.5","-","-1.22%"
"Aug 09, 2019","20,650.0","20,560.0","20,790.0","20,510.0","65.92K","0.44%"
"Aug 08, 2019","20,560.0","20,490.0","20,660.0","20,200.0","96.99K","0.44%"
"Aug 07, 2019","20,470.0","20,570.0","20,650.0","20,340.0","101.62K","-0.29%"
"Aug 06, 2019","20,530.0","20,600.0","20,630.0","19,960.0","164.31K","-0.29%"
"Aug 05, 2019","20,590.0","20,970.0","21,050.0","20,480.0","138.53K","-2.00%"
"Aug 02, 2019","21,010.0","21,490.0","21,570.0","20,920.0","126.10K","-2.28%"
"Aug 01, 2019","21,500.0","21,530.0","21,540.0","21,240.0","74.35K","-0.23%"
"Jul 31, 2019","21,550.0","21,630.0","21,630.0","21,440.0","61.95K","-0.51%"
"Jul 30, 2019","21,660.0","21,570.0","21,770.0","21,550.0","41.78K","0.42%"
"Jul 29, 2019","21,570.0","21,620.0","21,670.0","21,490.0","37.17K","-0.14%"
"Jul 26, 2019","21,600.0","21,740.0","21,760.0","21,560.0","49.22K","-0.69%"
"Jul 25, 2019","21,750.0","21,660.0","21,800.0","21,600.0","42.49K","0.37%"
"Jul 24, 2019","21,670.0","21,600.0","21,720.0","21,580.0","41.80K","0.32%"
"Jul 23, 2019","21,600.0","21,360.0","21,660.0","21,340.0","54.30K","1.12%"
"Jul 22, 2019","21,360.0","21,370.0","21,430.0","21,260.0","58.22K","-0.09%"
"Jul 19, 2019","21,380.0","21,010.0","21,450.0","21,010.0","72.78K","1.76%"
"Jul 18, 2019","21,010.0","21,430.0","21,460.0","20,960.0","69.10K","-1.91%"
"Jul 17, 2019","21,420.0","21,500.0","21,520.0","21,350.0","40.17K","-0.37%"
"Jul 16, 2019","21,500.0","21,620.0","21,640.0","21,480.0","37.56K","-0.48%"
"Jul 15, 2019","21,603.0","21,550.0","21,678.0","21,507.5","-","0.26%"
"Jul 14, 2019","21,548.0","21,585.0","21,593.0","21,540.0","-","-0.38%"
"Jul 12, 2019","21,630.0","21,600.0","21,690.0","21,530.0","49.02K","0.14%"
"Jul 11, 2019","21,600.0","21,490.0","21,630.0","21,460.0","50.21K","0.47%"
"Jul 10, 2019","21,500.0","21,500.0","21,570.0","21,440.0","40.54K","-0.05%"
"Jul 09, 2019","21,510.0","21,550.0","21,660.0","21,480.0","44.52K","-0.09%"
"Jul 08, 2019","21,530.0","21,670.0","21,690.0","21,460.0","59.52K","-0.78%"
"Jul 05, 2019","21,700.0","21,670.0","21,700.0","21,610.0","28.69K","0.14%"
"Jul 04, 2019","21,670.0","21,620.0","21,720.0","21,610.0","30.02K","0.37%"
"Jul 03, 2019","21,590.0","21,700.0","21,730.0","21,520.0","50.19K","-0.60%"
"Jul 02, 2019","21,720.0","21,770.0","21,780.0","21,630.0","49.77K","-0.23%"
"Jul 01, 2019","21,770.0","21,240.0","21,770.0","21,220.0","65.67K","2.40%"
"Jun 28, 2019","21,260.0","21,270.0","21,290.0","21,150.0","52.40K","0.00%"
"Jun 27, 2019","21,260.0","21,030.0","21,300.0","21,030.0","60.87K","1.00%"
"Jun 26, 2019","21,050.0","21,090.0","21,140.0","21,000.0","44.60K","-0.14%"
"Jun 25, 2019","21,080.0","21,260.0","21,270.0","21,040.0","53.60K","-0.71%"
"Jun 24, 2019","21,230.0","21,260.0","21,350.0","21,120.0","53.71K","0.19%"
"Jun 21, 2019","21,190.0","21,450.0","21,570.0","21,150.0","74.70K","-0.98%"
"Jun 20, 2019","21,400.0","21,250.0","21,430.0","21,200.0","60.08K","0.61%"
"Jun 19, 2019","21,270.0","20,870.0","21,300.0","20,840.0","70.72K","1.72%"
"Jun 18, 2019","20,910.0","21,080.0","21,120.0","20,860.0","45.24K","-0.76%"
"Jun 17, 2019","21,070.0","20,970.0","21,130.0","20,920.0","42.70K","0.19%"
"Jun 14, 2019","21,030.0","20,950.0","21,060.0","20,910.0","49.22K","0.05%"
"Jun 13, 2019","21,020.0","21,140.0","21,160.0","20,930.0","54.61K","-0.47%"
"Jun 12, 2019","21,120.0","21,240.0","21,330.0","21,120.0","105.13K","-0.42%"
"Jun 11, 2019","21,210.0","21,160.0","21,230.0","21,070.0","109.31K","0.28%"
"Jun 10, 2019","21,150.0","20,930.0","21,170.0","20,870.0","113.94K","1.10%"
"Jun 07, 2019","20,920.0","20,800.0","20,920.0","20,740.0","78.20K","0.87%"
"Jun 06, 2019","20,740.0","20,730.0","20,870.0","20,640.0","65.81K","0.05%"
"Jun 05, 2019","20,730.0","20,400.0","20,800.0","20,390.0","81.71K","1.82%"
"Jun 04, 2019","20,360.0","20,340.0","20,520.0","20,280.0","77.18K","0.00%"
"Jun 03, 2019","20,360.0","20,520.0","20,550.0","20,280.0","99.73K","-0.88%"
"May 31, 2019","20,540.0","20,950.0","20,990.0","20,540.0","98.25K","-1.86%"
"May 30, 2019","20,930.0","20,900.0","20,950.0","20,720.0","86.02K","-0.10%"
"May 29, 2019","20,950.0","21,180.0","21,220.0","20,880.0","82.50K","-1.32%"
"May 28, 2019","21,230.0","21,230.0","21,290.0","21,180.0","35.03K","0.14%"
"May 27, 2019","21,200.0","21,110.0","21,230.0","21,040.0","55.39K","0.47%"
"May 24, 2019","21,100.0","21,070.0","21,120.0","20,810.0","81.35K","0.00%"
"May 23, 2019","21,100.0","21,280.0","21,340.0","21,070.0","66.29K","-0.85%"
"May 22, 2019","21,280.0","21,210.0","21,400.0","21,210.0","60.37K","0.14%"
"May 21, 2019","21,250.0","21,290.0","21,330.0","21,050.0","81.57K","-0.28%"
"May 20, 2019","21,310.0","21,280.0","21,430.0","21,130.0","74.84K","0.19%"
"May 17, 2019","21,270.0","21,020.0","21,390.0","21,000.0","82.89K","1.05%"
"May 16, 2019","21,050.0","21,100.0","21,180.0","20,870.0","80.97K","-0.52%"
"May 15, 2019","21,160.0","21,070.0","21,190.0","20,960.0","78.51K","0.62%"
"May 14, 2019","21,030.0","21,120.0","21,140.0","20,750.0","96.76K","-0.66%"
"May 13, 2019","21,170.0","21,330.0","21,510.0","21,070.0","80.43K","-0.66%"
"May 10, 2019","21,310.0","21,330.0","21,590.0","21,060.0","147.35K","-0.33%"
"May 09, 2019","21,380.0","21,590.0","21,670.0","21,300.0","96.56K","-0.93%"
"May 08, 2019","21,580.0","22,000.0","22,020.0","21,510.0","103.19K","-1.64%"
"May 07, 2019","21,940.0","22,220.0","22,350.0","21,870.0","70.00K","-0.85%"
"May 06, 2019","22,128.0","22,038.0","22,227.5","21,912.5","-","0.43%"
"May 05, 2019","22,032.5","22,168.0","22,183.0","21,920.0","-","-2.00%"
"May 03, 2019","22,482.5","22,278.0","22,487.5","22,212.5","-","0.90%"
"May 02, 2019","22,283.0","22,198.0","22,363.0","22,172.5","-","0.42%"
"May 01, 2019","22,190.0","22,413.0","22,478.0","22,153.0","-","-0.97%"
"Apr 30, 2019","22,408.0","22,380.0","22,426.0","22,263.0","-","0.14%"
"Apr 29, 2019","22,377.5","22,360.0","22,453.0","22,347.0","-","0.09%"
"Apr 28, 2019","22,358.0","22,338.0","22,372.5","22,332.5","-","0.49%"
"Apr 26, 2019","22,250.0","22,260.0","22,310.0","22,060.0","63.09K","-0.45%"
"Apr 25, 2019","22,350.0","22,150.0","22,360.0","22,130.0","55.61K","0.81%"
"Apr 24, 2019","22,170.0","22,230.0","22,370.0","22,120.0","52.54K","-0.31%"
"Apr 23, 2019","22,240.0","22,210.0","22,270.0","22,110.0","43.02K","0.00%"
"Apr 22, 2019","22,240.0","22,190.0","22,280.0","22,090.0","33.60K","0.18%"
"Apr 19, 2019","22,200.0","22,120.0","22,270.0","22,050.0","42.78K","0.41%"
"Apr 18, 2019","22,110.0","22,280.0","22,350.0","22,040.0","64.26K","-0.72%"
"Apr 17, 2019","22,270.0","22,220.0","22,340.0","22,170.0","56.86K","0.23%"
"Apr 16, 2019","22,220.0","22,160.0","22,260.0","22,110.0","53.01K","0.18%"
"Apr 15, 2019","22,180.0","21,830.0","22,230.0","21,830.0","65.25K","1.46%"
"Apr 12, 2019","21,860.0","21,690.0","21,870.0","21,620.0","62.44K","0.88%"
"Apr 11, 2019","21,670.0","21,710.0","21,730.0","21,600.0","48.22K","-0.14%"
"Apr 10, 2019","21,700.0","21,740.0","21,770.0","21,540.0","46.22K","-0.18%"
"Apr 09, 2019","21,740.0","21,790.0","21,810.0","21,690.0","39.09K","-0.14%"
"Apr 08, 2019","21,770.0","21,800.0","21,970.0","21,730.0","50.33K","-0.09%"
"Apr 05, 2019","21,790.0","21,710.0","21,830.0","21,680.0","50.92K","0.41%"
"Apr 04, 2019","21,700.0","21,750.0","21,830.0","21,650.0","59.29K","-0.09%"
"Apr 03, 2019","21,720.0","21,470.0","21,730.0","21,470.0","65.97K","1.16%"
"Apr 02, 2019","21,470.0","21,480.0","21,750.0","21,470.0","62.59K","0.09%"
"Apr 01, 2019","21,450.0","21,200.0","21,680.0","21,160.0","79.45K","1.13%"
"Mar 29, 2019","21,210.0","21,070.0","21,280.0","21,050.0","69.56K","0.71%"
"Mar 28, 2019","21,060.0","21,360.0","21,380.0","20,960.0","83.17K","-1.50%"
"Mar 27, 2019","21,380.0","21,150.0","21,380.0","21,130.0","77.96K","1.09%"
"Mar 26, 2019","21,150.0","20,760.0","21,270.0","20,750.0","92.53K","1.98%"
"Mar 25, 2019","20,740.0","21,350.0","21,410.0","20,680.0","102.66K","-2.81%"
"Mar 22, 2019","21,340.0","21,440.0","21,490.0","21,250.0","65.27K","-0.39%"
"Mar 21, 2019","21,423.0","21,268.0","21,438.0","21,132.5","-","-0.03%"
"Mar 20, 2019","21,430.0","21,390.0","21,500.0","21,310.0","44.94K","0.28%"
"Mar 19, 2019","21,370.0","21,410.0","21,430.0","21,240.0","46.95K","-0.19%"
"Mar 18, 2019","21,410.0","21,260.0","21,450.0","21,210.0","44.24K","0.80%"
"Mar 15, 2019","21,240.0","21,120.0","21,370.0","21,090.0","71.94K","0.57%"
"Mar 14, 2019","21,120.0","21,050.0","21,340.0","21,040.0","57.58K","0.33%"
"Mar 13, 2019","21,050.0","21,330.0","21,350.0","20,980.0","67.82K","-1.31%"
"Mar 12, 2019","21,330.0","20,960.0","21,390.0","20,890.0","58.54K","1.91%"
"Mar 11, 2019","20,930.0","20,760.0","20,960.0","20,640.0","73.68K","0.77%"
"Mar 08, 2019","20,770.0","21,200.0","21,310.0","20,770.0","79.30K","-3.03%"
"Mar 07, 2019","21,420.0","21,590.0","21,640.0","21,400.0","52.14K","-0.79%"
"Mar 06, 2019","21,590.0","21,760.0","21,840.0","21,550.0","135.24K","-0.74%"
"Mar 05, 2019","21,750.0","21,830.0","21,840.0","21,600.0","117.89K","-0.32%"
"Mar 04, 2019","21,820.0","21,650.0","21,870.0","21,630.0","95.00K","0.93%"
"Mar 01, 2019","21,620.0","21,340.0","21,650.0","21,280.0","83.31K","1.08%"
"Feb 28, 2019","21,390.0","21,510.0","21,590.0","21,360.0","68.12K","-0.79%"
"Feb 27, 2019","21,560.0","21,470.0","21,590.0","21,440.0","47.06K","0.37%"
"Feb 26, 2019","21,480.0","21,560.0","21,620.0","21,370.0","57.98K","-0.32%"
"Feb 25, 2019","21,550.0","21,410.0","21,580.0","21,390.0","60.32K","0.70%"
"Feb 22, 2019","21,400.0","21,450.0","21,480.0","21,310.0","56.27K","-0.19%"
"Feb 21, 2019","21,440.0","21,430.0","21,550.0","21,300.0","72.69K","0.09%"
"Feb 20, 2019","21,420.0","21,290.0","21,480.0","21,220.0","68.41K","0.56%"
"Feb 19, 2019","21,300.0","21,300.0","21,330.0","21,200.0","48.56K","0.00%"
"Feb 18, 2019","21,300.0","20,880.0","21,320.0","20,830.0","71.75K","1.91%"
"Feb 15, 2019","20,900.0","21,210.0","21,240.0","20,820.0","87.03K","-1.37%"
"Feb 14, 2019","21,190.0","21,140.0","21,220.0","21,050.0","65.01K","0.14%"
"Feb 13, 2019","21,160.0","20,840.0","21,200.0","20,830.0","69.64K","1.34%"
"Feb 12, 2019","20,880.0","20,280.0","20,880.0","20,160.0","90.49K","2.27%"
"Feb 11, 2019","20,417.5","20,297.0","20,472.5","20,202.0","-","0.59%"
"Feb 10, 2019","20,297.0","20,325.0","20,347.5","20,292.0","-","0.03%"
"Feb 08, 2019","20,290.0","20,700.0","20,780.0","20,290.0","94.83K","-2.08%"
"Feb 07, 2019","20,720.0","20,840.0","20,890.0","20,630.0","65.44K","-0.72%"
"Feb 06, 2019","20,870.0","20,830.0","20,950.0","20,810.0","46.84K","0.19%"
"Feb 05, 2019","20,830.0","20,850.0","20,960.0","20,790.0","45.15K","-0.10%"
"Feb 04, 2019","20,850.0","20,760.0","20,900.0","20,700.0","59.00K","0.63%"
"Feb 01, 2019","20,720.0","20,760.0","20,910.0","20,620.0","68.48K","-0.14%"
"Jan 31, 2019","20,750.0","20,590.0","20,880.0","20,580.0","78.15K","0.68%"
"Jan 30, 2019","20,610.0","20,600.0","20,740.0","20,500.0","63.27K","-0.10%"
"Jan 29, 2019","20,630.0","20,640.0","20,660.0","20,380.0","65.84K","-0.05%"
"Jan 28, 2019","20,640.0","20,790.0","20,880.0","20,600.0","59.17K","-0.67%"
"Jan 25, 2019","20,780.0","20,560.0","20,820.0","20,490.0","70.27K","1.07%"
"Jan 24, 2019","20,560.0","20,530.0","20,720.0","20,410.0","59.01K","0.00%"
"Jan 23, 2019","20,560.0","20,540.0","20,670.0","20,330.0","67.64K","0.00%"
"Jan 22, 2019","20,560.0","20,710.0","20,790.0","20,530.0","46.83K","-0.77%"
"Jan 21, 2019","20,720.0","20,620.0","20,930.0","20,600.0","79.80K","0.44%"
"Jan 18, 2019","20,630.0","20,280.0","20,670.0","20,180.0","74.90K","1.38%"
"Jan 17, 2019","20,350.0","20,450.0","20,570.0","20,310.0","56.50K","-0.39%"
"Jan 16, 2019","20,430.0","20,490.0","20,550.0","20,290.0","67.69K","-0.39%"
"Jan 15, 2019","20,510.0","20,320.0","20,560.0","20,160.0","68.94K","1.60%"
"Jan 14, 2019","20,187.0","20,150.0","20,212.5","19,967.0","-","0.20%"
"Jan 13, 2019","20,147.0","20,242.0","20,247.0","20,147.0","-","-0.85%"
"Jan 11, 2019","20,320.0","20,110.0","20,370.0","20,010.0","64.64K","1.04%"
"Jan 10, 2019","20,110.0","20,430.0","20,460.0","20,070.0","83.41K","-1.52%"
"Jan 09, 2019","20,420.0","20,250.0","20,470.0","20,190.0","63.84K","0.99%"
"Jan 08, 2019","20,220.0","20,090.0","20,320.0","19,950.0","79.84K","0.75%"
"Jan 07, 2019","20,070.0","19,520.0","20,250.0","19,480.0","100.44K","3.03%"
"Jan 04, 2019","19,480.0","19,820.0","20,030.0","19,210.0","99.48K","0.39%"
"Jan 03, 2019","19,405.0","19,365.0","19,650.0","19,282.0","-","0.21%"
"Jan 02, 2019","19,365.0","19,802.0","19,942.5","19,272.0","-","-2.62%"
"Jan 01, 2019","19,885.0","19,802.0","19,950.0","19,802.0","-","0.32%"
"Dec 31, 2018","19,822.5","19,987.0","20,040.0","19,702.5","-","-0.81%"
"Dec 30, 2018","19,985.0","19,992.0","20,085.0","19,972.0","-","-0.08%"
"Dec 28, 2018","20,000.0","19,930.0","20,060.0","19,500.0","85.19K","-0.10%"
"Dec 27, 2018","20,020.0","19,320.0","20,190.0","19,320.0","99.51K","3.25%"
"Dec 26, 2018","19,390.0","18,940.0","19,500.0","18,840.0","69.96K","2.21%"
"Dec 25, 2018","18,970.0","20,080.0","20,160.0","18,970.0","93.25K","-1.87%"
"Dec 24, 2018","19,332.0","19,745.0","19,902.5","19,227.5","-","-2.09%"
"Dec 23, 2018","19,745.0","19,720.0","19,847.5","19,682.0","-","-1.52%"
"Dec 21, 2018","20,050.0","20,300.0","20,480.0","19,940.0","85.69K","-0.79%"
"Dec 20, 2018","20,210.0","20,930.0","21,120.0","20,200.0","91.25K","-3.39%"
"Dec 19, 2018","20,920.0","21,070.0","21,220.0","20,810.0","75.79K","-0.71%"
"Dec 18, 2018","21,070.0","21,440.0","21,450.0","21,000.0","67.30K","-1.77%"
"Dec 17, 2018","21,450.0","21,320.0","21,500.0","21,200.0","51.92K","0.70%"
"Dec 14, 2018","21,300.0","21,800.0","21,850.0","21,270.0","71.92K","-2.52%"
"Dec 13, 2018","21,850.0","21,640.0","21,875.0","21,570.0","65.29K","0.88%"
"Dec 12, 2018","21,660.0","21,160.0","21,660.0","21,150.0","158.79K","2.51%"
"Dec 11, 2018","21,130.0","21,210.0","21,370.0","20,950.0","159.32K","-0.05%"
"Dec 10, 2018","21,140.0","21,540.0","21,690.0","21,140.0","117.45K","-2.22%"
"Dec 07, 2018","21,620.0","21,530.0","21,730.0","21,070.0","109.14K","0.79%"
"Dec 06, 2018","21,450.0","21,900.0","21,950.0","21,300.0","86.46K","-1.97%"
"Dec 05, 2018","21,880.0","22,070.0","22,180.0","21,580.0","86.50K","-0.86%"
"Dec 04, 2018","22,070.0","22,660.0","22,710.0","22,010.0","98.24K","-2.52%"
"Dec 03, 2018","22,640.0","22,350.0","22,710.0","22,250.0","71.72K","1.30%"
"Nov 30, 2018","22,350.0","22,260.0","22,380.0","22,190.0","50.51K","0.49%"
"Nov 29, 2018","22,240.0","22,230.0","22,440.0","22,170.0","55.17K","0.04%"
"Nov 28, 2018","22,230.0","21,970.0","22,230.0","21,920.0","56.81K","1.05%"
"Nov 27, 2018","22,000.0","21,870.0","22,070.0","21,810.0","49.51K","0.78%"
"Nov 26, 2018","21,830.0","21,710.0","21,840.0","21,520.0","44.30K","1.62%"
"Nov 23, 2018","21,483.0","21,637.5","21,688.0","21,447.5","-","-1.00%"
"Nov 22, 2018","21,700.0","21,530.0","21,750.0","21,470.0","57.96K","0.84%"
"Nov 21, 2018","21,520.0","21,510.0","21,560.0","21,170.0","78.62K","-0.09%"
"Nov 20, 2018","21,540.0","21,810.0","21,920.0","21,510.0","62.35K","-1.37%"
"Nov 19, 2018","21,840.0","21,640.0","21,850.0","21,490.0","58.88K","0.88%"
"Nov 16, 2018","21,650.0","21,860.0","21,940.0","21,540.0","75.97K","-0.78%"
"Nov 15, 2018","21,820.0","21,770.0","21,930.0","21,550.0","72.01K","0.00%"
"Nov 14, 2018","21,820.0","21,750.0","21,990.0","21,620.0","68.71K","0.28%"
"Nov 13, 2018","21,760.0","22,240.0","22,260.0","21,470.0","84.29K","-2.20%"
"Nov 12, 2018","22,250.0","22,210.0","22,320.0","22,000.0","54.61K","-0.09%"
"Nov 09, 2018","22,270.0","22,470.0","22,500.0","22,220.0","61.55K","-1.02%"
"Nov 08, 2018","22,500.0","22,110.0","22,580.0","22,090.0","73.88K","1.72%"
"Nov 07, 2018","22,120.0","22,200.0","22,440.0","21,980.0","104.92K","-0.36%"
"Nov 06, 2018","22,200.0","21,910.0","22,200.0","21,880.0","48.45K","1.51%"
"Nov 05, 2018","21,870.0","22,240.0","22,280.0","21,840.0","81.43K","-1.62%"
"Nov 02, 2018","22,230.0","21,560.0","22,300.0","21,530.0","96.58K","3.20%"
"Nov 01, 2018","21,540.0","21,860.0","21,940.0","21,540.0","85.85K","-1.55%"
"Oct 31, 2018","21,880.0","21,500.0","21,910.0","21,310.0","108.24K","1.86%"
"Oct 30, 2018","21,480.0","21,120.0","21,570.0","20,800.0","107.90K","1.80%"
"Oct 29, 2018","21,100.0","21,180.0","21,470.0","20,790.0","109.53K","-0.61%"
"Oct 26, 2018","21,230.0","21,370.0","21,790.0","20,960.0","129.91K","-0.19%"
"Oct 25, 2018","21,270.0","21,940.0","22,100.0","21,190.0","119.59K","-3.45%"
"Oct 24, 2018","22,030.0","21,980.0","22,210.0","21,630.0","124.44K","0.50%"
"Oct 23, 2018","21,920.0","22,670.0","22,690.0","21,920.0","91.69K","-3.14%"
"Oct 22, 2018","22,630.0","22,520.0","22,690.0","22,260.0","73.17K","0.44%"
"Oct 19, 2018","22,530.0","22,640.0","22,750.0","22,160.0","90.65K","-0.27%"
"Oct 18, 2018","22,590.0","22,910.0","22,920.0","22,590.0","63.61K","-1.31%"
"Oct 17, 2018","22,890.0","22,460.0","22,950.0","22,430.0","77.22K","2.10%"
"Oct 16, 2018","22,420.0","22,200.0","22,540.0","22,030.0","91.10K","1.04%"
"Oct 15, 2018","22,190.0","22,660.0","22,670.0","22,190.0","118.37K","-2.03%"
"Oct 12, 2018","22,650.0","22,790.0","22,910.0","22,240.0","167.95K","0.31%"
"Oct 11, 2018","22,580.0","23,520.0","23,580.0","22,400.0","174.44K","-4.04%"
"Oct 10, 2018","23,530.0","23,490.0","23,600.0","23,320.0","82.33K","0.26%"
"Oct 09, 2018","23,470.0","23,780.0","23,890.0","23,440.0","96.90K","-0.35%"
"Oct 08, 2018","23,553.0","23,672.5","23,807.5","23,362.5","-","-0.48%"
"Oct 07, 2018","23,667.5","23,657.5","23,667.5","23,627.5","-","-0.64%"
"Oct 05, 2018","23,820.0","23,920.0","24,020.0","23,620.0","93.54K","-0.42%"
"Oct 04, 2018","23,920.0","24,170.0","24,360.0","23,910.0","78.05K","-0.91%"
"Oct 03, 2018","24,140.0","24,240.0","24,310.0","24,030.0","87.77K","-0.58%"
"Oct 02, 2018","24,280.0","24,320.0","24,480.0","24,210.0","79.30K","-0.12%"
"Oct 01, 2018","24,310.0","24,110.0","24,320.0","24,000.0","67.14K","0.79%"
"Sep 28, 2018","24,120.0","23,810.0","24,290.0","23,770.0","83.93K","1.22%"
"Sep 27, 2018","23,830.0","23,950.0","24,090.0","23,770.0","79.10K","-0.71%"
"Sep 26, 2018","24,000.0","23,770.0","24,030.0","23,750.0","62.02K","1.10%"
"Sep 25, 2018","23,740.0","23,750.0","23,810.0","23,650.0","55.45K","0.11%"
"Sep 24, 2018","23,713.0","23,665.0","23,728.0","23,587.5","-","0.21%"
"Sep 23, 2018","23,663.0","23,675.0","23,683.0","23,618.0","-","-0.37%"
"Sep 21, 2018","23,750.0","23,500.0","23,820.0","23,480.0","71.39K","1.24%"
"Sep 20, 2018","23,460.0","23,540.0","23,640.0","23,420.0","66.38K","-0.26%"
"Sep 19, 2018","23,520.0","23,280.0","23,730.0","23,280.0","89.37K","1.03%"
"Sep 18, 2018","23,280.0","23,010.0","23,320.0","22,880.0","92.85K","1.69%"
"Sep 17, 2018","22,893.0","22,987.5","23,203.0","22,868.0","-","-0.41%"
"Sep 16, 2018","22,988.0","23,033.0","23,033.0","22,963.0","-","0.08%"
"Sep 14, 2018","22,970.0","22,670.0","22,970.0","22,650.0","77.43K","0.66%"
"Sep 13, 2018","22,820.0","22,620.0","22,861.0","22,540.0","59.97K","0.88%"
"Sep 12, 2018","22,620.0","22,650.0","22,740.0","22,530.0","109.57K","-0.13%"
"Sep 11, 2018","22,650.0","22,380.0","22,670.0","22,360.0","112.35K","1.30%"
"Sep 10, 2018","22,360.0","22,380.0","22,440.0","22,240.0","127.44K","-0.09%"
"Sep 07, 2018","22,380.0","22,480.0","22,560.0","22,180.0","91.99K","-0.44%"
"Sep 06, 2018","22,480.0","22,510.0","22,610.0","22,430.0","66.29K","-0.35%"
"Sep 05, 2018","22,560.0","22,780.0","22,788.0","22,560.0","63.65K","-0.92%"
"Sep 04, 2018","22,770.0","22,730.0","22,790.0","22,610.0","42.32K","0.26%"
"Sep 03, 2018","22,710.0","22,780.0","22,850.0","22,690.0","54.99K","-0.66%"
"Aug 31, 2018","22,860.0","22,860.0","22,900.0","22,660.0","59.52K","-0.04%"
"Aug 30, 2018","22,870.0","22,850.0","23,050.0","22,810.0","60.52K","0.09%"
"Aug 29, 2018","22,850.0","22,810.0","22,970.0","22,770.0","48.47K","0.22%"
"Aug 28, 2018","22,800.0","22,780.0","22,990.0","22,760.0","48.70K","0.13%"
"Aug 27, 2018","22,770.0","22,590.0","22,830.0","22,560.0","52.72K","0.80%"
"Aug 24, 2018","22,590.0","22,410.0","22,590.0","22,390.0","47.27K","0.80%"
"Aug 23, 2018","22,410.0","22,340.0","22,450.0","22,310.0","47.40K","0.40%"
"Aug 22, 2018","22,320.0","22,230.0","22,370.0","22,140.0","45.31K","0.45%"
"Aug 21, 2018","22,220.0","22,220.0","22,290.0","22,030.0","46.27K","0.27%"
"Aug 20, 2018","22,160.0","22,240.0","22,300.0","22,080.0","47.15K","-0.45%"
"Aug 17, 2018","22,260.0","22,140.0","22,340.0","22,110.0","44.66K","0.45%"
"Aug 16, 2018","22,160.0","22,190.0","22,230.0","21,840.0","94.27K","-0.09%"
"Aug 15, 2018","22,180.0","22,340.0","22,370.0","22,090.0","60.43K","-0.63%"
"Aug 14, 2018","22,320.0","21,890.0","22,340.0","21,850.0","77.73K","1.96%"
"Aug 13, 2018","21,890.0","22,290.0","22,300.0","21,820.0","83.35K","-1.84%"
"Aug 10, 2018","22,300.0","22,570.0","22,620.0","22,240.0","54.69K","-1.33%"
"Aug 09, 2018","22,600.0","22,580.0","22,630.0","22,480.0","32.72K","-0.13%"
"Aug 08, 2018","22,630.0","22,660.0","22,790.0","22,590.0","38.87K","0.00%"
"Aug 07, 2018","22,630.0","22,470.0","22,650.0","22,440.0","36.84K","0.62%"
"Aug 06, 2018","22,490.0","22,470.0","22,600.0","22,430.0","42.24K","-0.09%"
"Aug 03, 2018","22,510.0","22,470.0","22,610.0","22,370.0","50.55K","0.00%"
"Aug 02, 2018","22,510.0","22,750.0","22,770.0","22,430.0","61.43K","-1.19%"
"Aug 01, 2018","22,780.0","22,470.0","22,780.0","22,470.0","55.59K","1.24%"
"Jul 31, 2018","22,500.0","22,540.0","22,670.0","22,330.0","56.43K","-0.09%"
"Jul 30, 2018","22,520.0","22,670.0","22,740.0","22,490.0","45.49K","-0.71%"
"Jul 27, 2018","22,680.0","22,570.0","22,700.0","22,560.0","35.86K","0.53%"
"Jul 26, 2018","22,560.0","22,620.0","22,650.0","22,490.0","49.10K","-0.18%"
"Jul 25, 2018","22,600.0","22,490.0","22,630.0","22,470.0","41.27K","0.40%"
"Jul 24, 2018","22,510.0","22,390.0","22,550.0","22,380.0","37.48K","0.58%"
"Jul 23, 2018","22,380.0","22,720.0","22,740.0","22,310.0","68.88K","-1.50%"
"Jul 20, 2018","22,720.0","22,780.0","22,850.0","22,510.0","69.17K","-0.31%"
"Jul 19, 2018","22,790.0","22,830.0","22,900.0","22,730.0","45.51K","-0.04%"
"Jul 18, 2018","22,800.0","22,680.0","22,930.0","22,640.0","53.54K","0.35%"
"Jul 17, 2018","22,720.0","22,580.0","22,820.0","22,500.0","68.05K","0.63%"
"Jul 16, 2018","22,578.0","22,645.0","22,718.0","22,485.0","-","-0.30%"
"Jul 15, 2018","22,645.0","22,583.0","22,693.0","22,583.0","-","0.20%"
"Jul 13, 2018","22,600.0","22,220.0","22,670.0","22,190.0","78.81K","1.76%"
"Jul 12, 2018","22,210.0","21,860.0","22,220.0","21,860.0","62.73K","1.37%"
"Jul 11, 2018","21,910.0","22,190.0","22,240.0","21,720.0","82.98K","-1.26%"
"Jul 10, 2018","22,190.0","22,060.0","22,300.0","22,030.0","58.69K","0.54%"
"Jul 09, 2018","22,070.0","21,740.0","22,080.0","21,680.0","63.55K","1.24%"
"Jul 06, 2018","21,800.0","21,590.0","21,850.0","21,580.0","77.75K","1.44%"
"Jul 05, 2018","21,490.0","21,670.0","21,720.0","21,430.0","54.28K","-0.97%"
"Jul 04, 2018","21,700.0","21,790.0","21,880.0","21,570.0","52.45K","-0.05%"
"Jul 03, 2018","21,710.0","21,700.0","21,910.0","21,540.0","90.60K","-0.14%"
"Jul 02, 2018","21,740.0","22,250.0","22,340.0","21,740.0","76.33K","-2.47%"
"Jun 29, 2018","22,290.0","22,260.0","22,310.0","22,090.0","72.23K","0.27%"
"Jun 28, 2018","22,230.0","22,170.0","22,400.0","22,010.0","83.56K","0.00%"
"Jun 27, 2018","22,230.0","22,310.0","22,370.0","22,160.0","49.82K","-0.40%"
"Jun 26, 2018","22,320.0","22,250.0","22,330.0","21,980.0","69.11K","0.09%"
"Jun 25, 2018","22,300.0","22,520.0","22,590.0","22,260.0","50.00K","-0.71%"
"Jun 22, 2018","22,460.0","22,590.0","22,600.0","22,360.0","56.28K","-0.62%"
"Jun 21, 2018","22,600.0","22,470.0","22,740.0","22,350.0","67.30K","0.53%"
"Jun 20, 2018","22,480.0","22,140.0","22,530.0","22,070.0","79.31K","1.35%"
"Jun 19, 2018","22,180.0","22,630.0","22,670.0","22,180.0","67.04K","-1.95%"
"Jun 18, 2018","22,620.0","22,780.0","22,800.0","22,550.0","45.06K","-0.92%"
"Jun 15, 2018","22,830.0","22,670.0","22,860.0","22,660.0","46.11K","0.57%"
"Jun 14, 2018","22,700.0","22,890.0","22,900.0","22,670.0","40.83K","-0.92%"
"Jun 13, 2018","22,910.0","22,830.0","22,930.0","22,760.0","32.34K","0.35%"
"Jun 12, 2018","22,830.0","22,820.0","22,970.0","22,740.0","56.81K","0.18%"
"Jun 11, 2018","22,790.0","22,550.0","22,790.0","22,470.0","47.34K","0.75%"
"Jun 08, 2018","22,620.0","22,800.0","22,830.0","22,590.0","54.18K","-1.05%"
"Jun 07, 2018","22,860.0","22,660.0","22,860.0","22,600.0","66.36K","0.97%"
"Jun 06, 2018","22,640.0","22,530.0","22,660.0","22,440.0","120.70K","0.53%"
"Jun 05, 2018","22,520.0","22,500.0","22,600.0","22,460.0","114.48K","0.04%"
"Jun 04, 2018","22,510.0","22,240.0","22,520.0","22,230.0","90.26K","1.31%"
"Jun 01, 2018","22,220.0","22,190.0","22,320.0","22,010.0","69.53K","0.14%"
"May 31, 2018","22,190.0","22,080.0","22,270.0","22,040.0","56.51K","0.73%"
"May 30, 2018","22,030.0","22,220.0","22,230.0","21,920.0","86.82K","-1.21%"
"May 29, 2018","22,300.0","22,490.0","22,500.0","22,230.0","47.36K","-0.84%"
"May 28, 2018","22,490.0","22,400.0","22,550.0","22,260.0","41.43K","0.22%"
"May 25, 2018","22,440.0","22,480.0","22,540.0","22,080.0","70.03K","0.13%"
"May 24, 2018","22,410.0","22,620.0","22,640.0","22,360.0","65.67K","-1.36%"
"May 23, 2018","22,720.0","22,990.0","23,000.0","22,640.0","60.29K","-1.05%"
"May 22, 2018","22,960.0","23,000.0","23,040.0","22,950.0","29.79K","-0.22%"
"May 21, 2018","23,010.0","22,910.0","23,050.0","22,820.0","38.24K","0.35%"
"May 18, 2018","22,930.0","22,850.0","22,960.0","22,840.0","36.95K","0.39%"
"May 17, 2018","22,840.0","22,730.0","22,880.0","22,700.0","34.92K","0.44%"
"May 16, 2018","22,740.0","22,830.0","22,830.0","22,700.0","42.91K","-0.35%"
"May 15, 2018","22,820.0","22,870.0","22,910.0","22,800.0","34.28K","-0.17%"
"May 14, 2018","22,860.0","22,710.0","22,890.0","22,670.0","35.53K","0.57%"
"May 11, 2018","22,730.0","22,500.0","22,780.0","22,470.0","52.30K","1.02%"
"May 10, 2018","22,500.0","22,440.0","22,540.0","22,410.0","36.94K","0.36%"
"May 09, 2018","22,420.0","22,520.0","22,520.0","22,360.0","48.01K","-0.44%"
"May 08, 2018","22,520.0","22,440.0","22,570.0","22,410.0","34.98K","0.31%"
"May 07, 2018","22,450.0","22,480.0","22,530.0","22,350.0","43.47K","-0.08%"
"May 04, 2018","22,468.0","22,305.0","22,508.0","22,163.0","-","0.75%"
"May 03, 2018","22,300.0","22,365.0","22,395.0","22,090.0","-","-0.76%"
"May 02, 2018","22,470.0","22,510.0","22,580.0","22,420.0","38.56K","-0.13%"
"May 01, 2018","22,500.0","22,510.0","22,560.0","22,410.0","42.10K","0.16%"
"Apr 30, 2018","22,463.0","22,455.0","22,640.0","22,423.0","-","0.02%"
"Apr 29, 2018","22,458.0","22,463.0","22,488.0","22,448.0","-","-0.23%"
"Apr 27, 2018","22,510.0","22,310.0","22,510.0","22,280.0","54.04K","0.85%"
"Apr 26, 2018","22,320.0","22,250.0","22,390.0","22,150.0","63.08K","0.45%"
"Apr 25, 2018","22,220.0","22,290.0","22,350.0","21,960.0","64.06K","-0.27%"
"Apr 24, 2018","22,280.0","22,060.0","22,300.0","22,020.0","48.92K","0.81%"
"Apr 23, 2018","22,100.0","22,140.0","22,210.0","22,050.0","44.78K","-0.27%"
"Apr 20, 2018","22,160.0","22,180.0","22,270.0","22,050.0","52.72K","-0.18%"
"Apr 19, 2018","22,200.0","22,170.0","22,360.0","22,090.0","56.24K","0.09%"
"Apr 18, 2018","22,180.0","21,810.0","22,200.0","21,800.0","64.86K","1.60%"
"Apr 17, 2018","21,830.0","21,830.0","21,890.0","21,770.0","41.55K","-0.09%"
"Apr 16, 2018","21,850.0","21,830.0","21,920.0","21,690.0","47.46K","0.18%"
"Apr 13, 2018","21,810.0","21,670.0","21,910.0","21,620.0","63.31K","0.69%"
"Apr 12, 2018","21,660.0","21,690.0","21,760.0","21,560.0","56.32K","-0.05%"
"Apr 11, 2018","21,670.0","21,840.0","21,920.0","21,670.0","61.83K","-0.87%"
"Apr 10, 2018","21,860.0","21,720.0","21,960.0","21,530.0","72.07K","0.60%"
"Apr 09, 2018","21,730.0","21,680.0","21,740.0","21,300.0","75.40K","0.42%"
"Apr 06, 2018","21,640.0","21,720.0","21,920.0","21,540.0","80.07K","-0.05%"
"Apr 05, 2018","21,650.0","21,280.0","21,740.0","21,030.0","88.14K","1.45%"
"Apr 04, 2018","21,340.0","21,350.0","21,520.0","21,220.0","67.82K","0.09%"
"Apr 03, 2018","21,320.0","21,400.0","21,450.0","20,920.0","65.79K","-0.51%"
"Apr 02, 2018","21,430.0","21,430.0","21,600.0","21,340.0","47.37K","-0.14%"
"Mar 30, 2018","21,460.0","21,210.0","21,630.0","21,180.0","71.30K","1.18%"
"Mar 29, 2018","21,210.0","20,980.0","21,330.0","20,870.0","87.05K","0.86%"
"Mar 28, 2018","21,030.0","21,110.0","21,180.0","20,610.0","101.48K","-0.38%"
"Mar 27, 2018","21,110.0","20,500.0","21,150.0","20,350.0","102.91K","3.08%"
"Mar 26, 2018","20,480.0","20,410.0","20,620.0","20,140.0","121.55K","0.64%"
"Mar 23, 2018","20,350.0","21,340.0","21,340.0","20,340.0","136.32K","-4.82%"
"Mar 22, 2018","21,380.0","21,230.0","21,400.0","21,120.0","66.28K","0.93%"
"Mar 21, 2018","21,183.0","21,293.0","21,368.0","21,125.0","-","0.06%"
"Mar 20, 2018","21,170.0","21,250.0","21,350.0","20,900.0","65.53K","-0.47%"
"Mar 19, 2018","21,270.0","21,430.0","21,510.0","21,170.0","62.20K","-0.79%"